<?xml version="1.0" encoding="UTF-8"?>
<project-private xmlns="http://www.netbeans.org/ns/project-private/1">
    <editor-bookmarks xmlns="http://www.netbeans.org/ns/editor-bookmarks/2" lastBookmarkId="0"/>
    <open-files xmlns="http://www.netbeans.org/ns/projectui-open-files/2">
        <group>
            <file>file:/home/alaa/NetBeansProjects/Pharmacy/src/LogIn.java</file>
            <file>file:/home/alaa/NetBeansProjects/Pharmacy/src/SalesReview.java</file>
            <file>file:/home/alaa/NetBeansProjects/Pharmacy/src/Sales.java</file>
            <file>file:/home/alaa/NetBeansProjects/Pharmacy/src/UpdateAndDelete.java</file>
            <file>file:/home/alaa/NetBeansProjects/Pharmacy/src/NewRpository.java</file>
        </group>
    </open-files>
</project-private>
